record_id,service_type,service_type_label,name,latitude,longitude,district,neighborhood,address,phone,detail,observed_at,retrieved_at,coverage_status,source_transport,source_dataset,source_dataset_url,source_license,source_attribution
hospital:3:Aliağa Devlet Hastanesi:38.787045353073:26.974983403458,hospital,Hospital,Aliağa Devlet Hastanesi,38.787045353073,26.974983403458,ALİAĞA,YENİ,RUMELİ 7,,,,2026-09-20T07:31:15.089Z,COMPLETE_FOR_MAPPABLE_ROWS,api,Hastaneler,https://acikveri.bizizmir.com/dataset/saglik-kurumlari,CC BY 4.0,İzmir Büyükşehir Belediyesi Açık Veri Portalı
hospital:19:Atatürk Eğitim Ve Araştırma Hastanesi:38.397750247105:27.103803036852,hospital,Hospital,Atatürk Eğitim Ve Araştırma Hastanesi,38.397750247105,27.103803036852,KARABAĞLAR,BASIN SİTESİ,POLAT 106,,Katip Çelebi Üniversitesi,,2026-09-20T07:31:15.089Z,COMPLETE_FOR_MAPPABLE_ROWS,api,Hastaneler,https://acikveri.bizizmir.com/dataset/saglik-kurumlari,CC BY 4.0,İzmir Büyükşehir Belediyesi Açık Veri Portalı
hospital:21:Atatürk Eğitim ve Araştırma Hastanesi Hatay Ek Hizmet Binası:38.402730405243:27.112206217001,hospital,Hospital,Atatürk Eğitim ve Araştırma Hastanesi Hatay Ek Hizmet Binası,38.402730405243,27.112206217001,KONAK,MURAT REİS,İNÖNÜ 256/1,,,,2026-09-20T07:31:15.089Z,COMPLETE_FOR_MAPPABLE_ROWS,api,Hastaneler,https://acikveri.bizizmir.com/dataset/saglik-kurumlari,CC BY 4.0,İzmir Büyükşehir Belediyesi Açık Veri Portalı
hospital:16:Bakırçay Üniversitesi Çiğli Eğitim Ve Araştırma Hastanesi:38.499592124744:27.049329130921,hospital,Hospital,Bakırçay Üniversitesi Çiğli Eğitim Ve Araştırma Hastanesi,38.499592124744,27.049329130921,ÇİĞLİ,YENİ MAHALLE,MURAT KARAYALÇIN 18,,,,2026-09-20T07:31:15.089Z,COMPLETE_FOR_MAPPABLE_ROWS,api,Hastaneler,https://acikveri.bizizmir.com/dataset/saglik-kurumlari,CC BY 4.0,İzmir Büyükşehir Belediyesi Açık Veri Portalı
hospital:20:Başkent Üniversitesi Fizik Tedavi ve Rehabilitasyon Merkezi:38.471817465631:27.086390383457,hospital,Hospital,Başkent Üniversitesi Fizik Tedavi ve Rehabilitasyon Merkezi,38.471817465631,27.086390383457,KARŞIYAKA,YALI,İDİL BİRET 7,,,,2026-09-20T07:31:15.089Z,COMPLETE_FOR_MAPPABLE_ROWS,api,Hastaneler,https://acikveri.bizizmir.com/dataset/saglik-kurumlari,CC BY 4.0,İzmir Büyükşehir Belediyesi Açık Veri Portalı
hospital:20:Başkent Üniversitesi Zübeyde Hanım Hastanesi:38.471847449883:27.086234480834,hospital,Hospital,Başkent Üniversitesi Zübeyde Hanım Hastanesi,38.471847449883,27.086234480834,KARŞIYAKA,YALI,6471/5 7,,,,2026-09-20T07:31:15.089Z,COMPLETE_FOR_MAPPABLE_ROWS,api,Hastaneler,https://acikveri.bizizmir.com/dataset/saglik-kurumlari,CC BY 4.0,İzmir Büyükşehir Belediyesi Açık Veri Portalı
hospital:20:Başkent Üniversitesi Zübeyde Hanım Uygulama ve Araştırma Merkezi:38.463922886683:27.093313936499,hospital,Hospital,Başkent Üniversitesi Zübeyde Hanım Uygulama ve Araştırma Merkezi,38.463922886683,27.093313936499,KARŞIYAKA,BOSTANLI,CAHER DUDAYEV 175,,,,2026-09-20T07:31:15.089Z,COMPLETE_FOR_MAPPABLE_ROWS,api,Hastaneler,https://acikveri.bizizmir.com/dataset/saglik-kurumlari,CC BY 4.0,İzmir Büyükşehir Belediyesi Açık Veri Portalı
hospital:7:Bayındır Devlet Hastanesi:38.22153488329:27.649600543116,hospital,Hospital,Bayındır Devlet Hastanesi,38.22153488329,27.649600543116,BAYINDIR,MİTHATPAŞA,HASTANE 35,,,,2026-09-20T07:31:15.089Z,COMPLETE_FOR_MAPPABLE_ROWS,api,Hastaneler,https://acikveri.bizizmir.com/dataset/saglik-kurumlari,CC BY 4.0,İzmir Büyükşehir Belediyesi Açık Veri Portalı
hospital:17:BAZEKOL Sada Hastanesi:38.591724533723:27.074375750551,hospital,Hospital,BAZEKOL Sada Hastanesi,38.591724533723,27.074375750551,MENEMEN,ESATPAŞA,ÇANAKKALE ASFALTI 171,,,,2026-09-20T07:31:15.089Z,COMPLETE_FOR_MAPPABLE_ROWS,api,Hastaneler,https://acikveri.bizizmir.com/dataset/saglik-kurumlari,CC BY 4.0,İzmir Büyükşehir Belediyesi Açık Veri Portalı
hospital:999:Bergama Necla-Mİithat Öztüre Devlet Hastanesi:39.118364239952:27.197993885881,hospital,Hospital,Bergama Necla-Mİithat Öztüre Devlet Hastanesi,39.118364239952,27.197993885881,BERGAMA,İSLAMSARAY,ADNAN MENDERES 223,,,,2026-09-20T07:31:15.089Z,COMPLETE_FOR_MAPPABLE_ROWS,api,Hastaneler,https://acikveri.bizizmir.com/dataset/saglik-kurumlari,CC BY 4.0,İzmir Büyükşehir Belediyesi Açık Veri Portalı
hospital:2:Bornova Türkan Özilhan Devlet Hastanesi:38.459002194814:27.250488262781,hospital,Hospital,Bornova Türkan Özilhan Devlet Hastanesi,38.459002194814,27.250488262781,BORNOVA,EVKA 3,ANKARA 305A,,,,2026-09-20T07:31:15.089Z,COMPLETE_FOR_MAPPABLE_ROWS,api,Hastaneler,https://acikveri.bizizmir.com/dataset/saglik-kurumlari,CC BY 4.0,İzmir Büyükşehir Belediyesi Açık Veri Portalı
hospital:8:Buca Kadın Doğum ve Çocuk Hastalıkları Ek Hizmet Binası:38.376185402731:27.180813132712,hospital,Hospital,Buca Kadın Doğum ve Çocuk Hastalıkları Ek Hizmet Binası,38.376185402731,27.180813132712,BUCA,ATATÜRK,HOCA AHMET YESEVİ 27,,,,2026-09-20T07:31:15.089Z,COMPLETE_FOR_MAPPABLE_ROWS,api,Hastaneler,https://acikveri.bizizmir.com/dataset/saglik-kurumlari,CC BY 4.0,İzmir Büyükşehir Belediyesi Açık Veri Portalı
hospital:8:Buca Seyfi Demirsoy Eğitim ve Araştırma Hastanesi:38.38452172005:27.163314874806,hospital,Hospital,Buca Seyfi Demirsoy Eğitim ve Araştırma Hastanesi,38.38452172005,27.163314874806,BUCA,KOZAĞAÇ,ÖZMEN 145-147,,,,2026-09-20T07:31:15.089Z,COMPLETE_FOR_MAPPABLE_ROWS,api,Hastaneler,https://acikveri.bizizmir.com/dataset/saglik-kurumlari,CC BY 4.0,İzmir Büyükşehir Belediyesi Açık Veri Portalı
hospital:1001:Çeşme Alper Çizgenakat Devlet Hastanesi:38.316858928988:26.325647446549,hospital,Hospital,Çeşme Alper Çizgenakat Devlet Hastanesi,38.316858928988,26.325647446549,ÇEŞME,FAHRETTİNPAŞA,2222/1 2,,,,2026-09-20T07:31:15.089Z,COMPLETE_FOR_MAPPABLE_ROWS,api,Hastaneler,https://acikveri.bizizmir.com/dataset/saglik-kurumlari,CC BY 4.0,İzmir Büyükşehir Belediyesi Açık Veri Portalı
hospital:8:Çocuk Ergen Madde Bağımlılığı Tedavi Merkezi (ÇEMATEM):38.375932042469:27.181156967594,hospital,Hospital,Çocuk Ergen Madde Bağımlılığı Tedavi Merkezi (ÇEMATEM),38.375932042469,27.181156967594,BUCA,ATATÜRK,HOCA AHMET YESEVİ 27-95,,,,2026-09-20T07:31:15.089Z,COMPLETE_FOR_MAPPABLE_ROWS,api,Hastaneler,https://acikveri.bizizmir.com/dataset/saglik-kurumlari,CC BY 4.0,İzmir Büyükşehir Belediyesi Açık Veri Portalı
hospital:995:Dikili Devlet Hastanesi:39.06491073011:26.892432291747,hospital,Hospital,Dikili Devlet Hastanesi,39.06491073011,26.892432291747,DİKİLİ,SALİMBEY,REYHAN 14A,,,,2026-09-20T07:31:15.089Z,COMPLETE_FOR_MAPPABLE_ROWS,api,Hastaneler,https://acikveri.bizizmir.com/dataset/saglik-kurumlari,CC BY 4.0,İzmir Büyükşehir Belediyesi Açık Veri Portalı
hospital:14:Dokuz Eylül Üniversitesi Uygulama Ve Araştırma Hastanesi:38.394177332575:27.033104743565,hospital,Hospital,Dokuz Eylül Üniversitesi Uygulama Ve Araştırma Hastanesi,38.394177332575,27.033104743565,BALÇOVA,İNCİRALTI,MİTHATPAŞA 1460/19,,OKUZ EYLÜL ÜNİVERSİTESİ REKTÖRLÜĞÜ Cumhuriyet Bulvarı No: 144 35210 Alsancak / İZMİR Telefon:+90(232) 412 12 12 Faks:+90 (232) 464 81 35 Kep Adresi: dokuzeyluluniversitesi@hs01.kep.tr - UETS: 35424-84249-98534,,2026-09-20T07:31:15.089Z,COMPLETE_FOR_MAPPABLE_ROWS,api,Hastaneler,https://acikveri.bizizmir.com/dataset/saglik-kurumlari,CC BY 4.0,İzmir Büyükşehir Belediyesi Açık Veri Portalı
hospital:21:Dr. Behçet Uz Çocuk Hastalıkları ve Cerrahisi Eğt. Arş. Hastanesi:38.427682659442:27.138663221558,hospital,Hospital,Dr. Behçet Uz Çocuk Hastalıkları ve Cerrahisi Eğt. Arş. Hastanesi,38.427682659442,27.138663221558,KONAK,İSMET KAPTAN,SEZER DOĞAN 11,,,,2026-09-20T07:31:15.089Z,COMPLETE_FOR_MAPPABLE_ROWS,api,Hastaneler,https://acikveri.bizizmir.com/dataset/saglik-kurumlari,CC BY 4.0,İzmir Büyükşehir Belediyesi Açık Veri Portalı
hospital:21:Dr. E. Hayri Üstündağ Kadın Hastalıkları ve Doğum Hastanesi:38.414835322195:27.129270567873,hospital,Hospital,Dr. E. Hayri Üstündağ Kadın Hastalıkları ve Doğum Hastanesi,38.414835322195,27.129270567873,KONAK,SÜMER,451 2,,,,2026-09-20T07:31:15.089Z,COMPLETE_FOR_MAPPABLE_ROWS,api,Hastaneler,https://acikveri.bizizmir.com/dataset/saglik-kurumlari,CC BY 4.0,İzmir Büyükşehir Belediyesi Açık Veri Portalı
hospital:2:Ege Üniversite Hastanesi Çocuk Acil Servisi:38.45431329057:27.213740287923,hospital,Hospital,Ege Üniversite Hastanesi Çocuk Acil Servisi,38.45431329057,27.213740287923,BORNOVA,KAZIMDİRİK,ÜNİVERSİTE 9/7,,,,2026-09-20T07:31:15.089Z,COMPLETE_FOR_MAPPABLE_ROWS,api,Hastaneler,https://acikveri.bizizmir.com/dataset/saglik-kurumlari,CC BY 4.0,İzmir Büyükşehir Belediyesi Açık Veri Portalı
hospital:2:Ege üniversitesi Acil Servis:38.456845150306:27.209402283659,hospital,Hospital,Ege üniversitesi Acil Servis,38.456845150306,27.209402283659,BORNOVA,KAZIMDİRİK,ÜNİVERSİTE 854C,,,,2026-09-20T07:31:15.089Z,COMPLETE_FOR_MAPPABLE_ROWS,api,Hastaneler,https://acikveri.bizizmir.com/dataset/saglik-kurumlari,CC BY 4.0,İzmir Büyükşehir Belediyesi Açık Veri Portalı
hospital:2:Ege üniversitesi Enfeksiyon Hastalıkları Ve Klinik Mikrobiyoloji Polikliniği:38.455037037164:27.207736215032,hospital,Hospital,Ege üniversitesi Enfeksiyon Hastalıkları Ve Klinik Mikrobiyoloji Polikliniği,38.455037037164,27.207736215032,BORNOVA,KAZIMDİRİK,ÜNİVERSİTE 9/65,,,,2026-09-20T07:31:15.089Z,COMPLETE_FOR_MAPPABLE_ROWS,api,Hastaneler,https://acikveri.bizizmir.com/dataset/saglik-kurumlari,CC BY 4.0,İzmir Büyükşehir Belediyesi Açık Veri Portalı
hospital:2:Ege Üniversitesi Göğüs Hastalıkları Ana Bilim Dalı:38.455529455777:27.207495378136,hospital,Hospital,Ege Üniversitesi Göğüs Hastalıkları Ana Bilim Dalı,38.455529455777,27.207495378136,BORNOVA,KAZIMDİRİK,ÜNİVERSİTE 9/62,,,,2026-09-20T07:31:15.089Z,COMPLETE_FOR_MAPPABLE_ROWS,api,Hastaneler,https://acikveri.bizizmir.com/dataset/saglik-kurumlari,CC BY 4.0,İzmir Büyükşehir Belediyesi Açık Veri Portalı
hospital:2:Ege Üniversitesi Hastanesi:38.45605153855:27.20980669838,hospital,Hospital,Ege Üniversitesi Hastanesi,38.45605153855,27.20980669838,BORNOVA,KAZIMDİRİK,ÜNİVERSİTE 9/53,,,,2026-09-20T07:31:15.089Z,COMPLETE_FOR_MAPPABLE_ROWS,api,Hastaneler,https://acikveri.bizizmir.com/dataset/saglik-kurumlari,CC BY 4.0,İzmir Büyükşehir Belediyesi Açık Veri Portalı
hospital:2:Ege Üniversitesi Hastanesi Sağlık Uygulama Ve Araştırma Merkezi:38.456115488569:27.210899512613,hospital,Hospital,Ege Üniversitesi Hastanesi Sağlık Uygulama Ve Araştırma Merkezi,38.456115488569,27.210899512613,BORNOVA,KAZIMDİRİK,ÜNİVERSİTE 9,,,,2026-09-20T07:31:15.089Z,COMPLETE_FOR_MAPPABLE_ROWS,api,Hastaneler,https://acikveri.bizizmir.com/dataset/saglik-kurumlari,CC BY 4.0,İzmir Büyükşehir Belediyesi Açık Veri Portalı
hospital:2:Ege Üniversitesi Nükleer Tıp Merkezi:38.454326264009:27.208541805415,hospital,Hospital,Ege Üniversitesi Nükleer Tıp Merkezi,38.454326264009,27.208541805415,BORNOVA,KAZIMDİRİK,ÜNİVERSİTE 9/67,,,,2026-09-20T07:31:15.089Z,COMPLETE_FOR_MAPPABLE_ROWS,api,Hastaneler,https://acikveri.bizizmir.com/dataset/saglik-kurumlari,CC BY 4.0,İzmir Büyükşehir Belediyesi Açık Veri Portalı
hospital:2:Ege Üniversitesi Tıp Fakültesi Çocuk Kalp ve Damar Cerrahisi Bilim Dalı:38.456396076047:27.208612949592,hospital,Hospital,Ege Üniversitesi Tıp Fakültesi Çocuk Kalp ve Damar Cerrahisi Bilim Dalı,38.456396076047,27.208612949592,BORNOVA,KAZIMDİRİK,ÜNİVERSİTE 9,,,,2026-09-20T07:31:15.089Z,COMPLETE_FOR_MAPPABLE_ROWS,api,Hastaneler,https://acikveri.bizizmir.com/dataset/saglik-kurumlari,CC BY 4.0,İzmir Büyükşehir Belediyesi Açık Veri Portalı
hospital:2:Ege Üniversitesi Tıp Fakültesi Tıbbi Biyoloji Anabilim Dalı:38.456234275502:27.209455698298,hospital,Hospital,Ege Üniversitesi Tıp Fakültesi Tıbbi Biyoloji Anabilim Dalı,38.456234275502,27.209455698298,BORNOVA,KAZIMDİRİK,ÜNİVERSİTE 9/55,,,,2026-09-20T07:31:15.089Z,COMPLETE_FOR_MAPPABLE_ROWS,api,Hastaneler,https://acikveri.bizizmir.com/dataset/saglik-kurumlari,CC BY 4.0,İzmir Büyükşehir Belediyesi Açık Veri Portalı
hospital:21:Eşrefpaşa Hastanesi:38.423557444535:27.160669058558,hospital,Hospital,Eşrefpaşa Hastanesi,38.423557444535,27.160669058558,KONAK,YENİŞEHİR,GAZİLER 315,,,,2026-09-20T07:31:15.089Z,COMPLETE_FOR_MAPPABLE_ROWS,api,Hastaneler,https://acikveri.bizizmir.com/dataset/saglik-kurumlari,CC BY 4.0,İzmir Büyükşehir Belediyesi Açık Veri Portalı
hospital:4:Foça Devlet Hastanesi:38.657350430208:26.763667994473,hospital,Hospital,Foça Devlet Hastanesi,38.657350430208,26.763667994473,FOÇA,ATATÜRK,ÇAM 7,,,,2026-09-20T07:31:15.089Z,COMPLETE_FOR_MAPPABLE_ROWS,api,Hastaneler,https://acikveri.bizizmir.com/dataset/saglik-kurumlari,CC BY 4.0,İzmir Büyükşehir Belediyesi Açık Veri Portalı
hospital:15:Gaziemir Nevvar Salih İşgören Devlet Hastanesi:38.311026981449:27.133141521572,hospital,Hospital,Gaziemir Nevvar Salih İşgören Devlet Hastanesi,38.311026981449,27.133141521572,GAZİEMİR,SEVGİ,NEVVAR SALİH İŞGÖREN 16,,,,2026-09-20T07:31:15.089Z,COMPLETE_FOR_MAPPABLE_ROWS,api,Hastaneler,https://acikveri.bizizmir.com/dataset/saglik-kurumlari,CC BY 4.0,İzmir Büyükşehir Belediyesi Açık Veri Portalı
hospital:21:Gureba-i Müslimin Hastanesi:38.415043306976:27.128936200753,hospital,Hospital,Gureba-i Müslimin Hastanesi,38.415043306976,27.128936200753,KONAK,SÜMER,440 2,,"Gureba-i Müslimin* Hastanesi'nin açıldığı tarihte, İzmir'de Türklere ait olan tek hastane Askeri Hastane'ymiş. Eski bir İngiliz mezarlığının üzerine inşa edilen Gureba-i Müslimin Hastanesi, 1851 yılında tamamlandığında iki katlı, taş ve ahşap yapılı bir binaymış. Altmış yatakla açılan hastanenin ilk kadrosunda sadece birer doktor, cerrah, eczacı, müdür ve kâtip varmış. Adı Müslüman hastanesi olsa da frengi ve akıl hastaları dışında her dinden hastaya bakılır ve fakir hastalardan ücret alınmazmış. Aynı şekilde hastane personelinde de din ve milliyet ayrımı yapılmaz; hastanede Rum, Ermeni, Yahudi doktor ve eczacılar çalışırmış. Hastanenin en ünlü doktoru, 1879 yılında kadroya dâhil olarak uzun yıllar başhekimlik görevini yürüten Mustafa Enver Bey, bir diğer önemli kişi ise hastanenin başeczacısı Süleyman Ferit Bey'miş. İngilizler, Kırım Savaşı sırasında Sarı Kışla'yı kendileri için bir askeri hastaneye dönüştürmüş; kente gelen İngiliz doktorları da hastanenin binasında konaklamış. 1855 yılında gerçekleşen bu durum yüzünden hastane işlevini yerine getiremezken, savaşın son bulmasıyla eski günlerine dönmüş. 19. yüzyılın sonlarına doğru başlayan hastaneyi genişletme çalışmaları sonunda 200 yatak, ameliyathane, eczane, laboratuvar, hamam, deney hayvanlarının bulunduğu bahçesiyle döneminin en büyük ve önemli hastanelerinden biri olmuş. Hastanenin adı 1913 yılında Memleket Hastanesi, 1954 yılında İzmir Devlet Hastanesi olarak değişmiş. Sadece tedavi hizmeti sunmayıp aynı zamanda bir okul görevi üstlenerek, Türkiye'nin ihtiyaç duyduğu sağlık personeli kadrosunun oluşturulmasına katkıda bulunmuş. 1963 yılında yayımlaya başladığı dergi ile de tıp dünyasına çok değerli makaleler kazandırmış. Batılılaşma Dönemi Osmanlı Mimarisi'nin süsleme özelliklerini ve Neoklasik tarzın izlerini göreceksiniz bu anıtsal hastanede. Mescit ve eczane mekânındaki tavan bezemeleri, eczanedeki özgün dolaplar, ahşap giriş kapısı ve merdiveni yapının çarpıcı öğelerinden bazıları. Günümüzde, hastane ve İzmir Kuzey Bölgesi Kamu Hastaneleri Birliği Genel Sekreterliği yönetim birimi olarak hizmet veriyor. * Müslüman garipler",,2026-09-20T07:31:15.089Z,COMPLETE_FOR_MAPPABLE_ROWS,api,Hastaneler,https://acikveri.bizizmir.com/dataset/saglik-kurumlari,CC BY 4.0,İzmir Büyükşehir Belediyesi Açık Veri Portalı
hospital:3:İzmir Aliağa Ceza İnfaz Kurumları Kampüs Devlet Hastanesi:38.881095954622:27.0966927007,hospital,Hospital,İzmir Aliağa Ceza İnfaz Kurumları Kampüs Devlet Hastanesi,38.881095954622,27.0966927007,ALİAĞA,BAHÇEDERE,KAPUKAYA 63,,,,2026-09-20T07:31:15.089Z,COMPLETE_FOR_MAPPABLE_ROWS,api,Hastaneler,https://acikveri.bizizmir.com/dataset/saglik-kurumlari,CC BY 4.0,İzmir Büyükşehir Belediyesi Açık Veri Portalı
hospital:21:İzmir Alsancak Nevvar Salih İşgören Devlet Hastanesi:38.434028890645:27.143337155544,hospital,Hospital,İzmir Alsancak Nevvar Salih İşgören Devlet Hastanesi,38.434028890645,27.143337155544,KONAK,KÜLTÜR,ALİ ÇETİNKAYA 26,,,,2026-09-20T07:31:15.089Z,COMPLETE_FOR_MAPPABLE_ROWS,api,Hastaneler,https://acikveri.bizizmir.com/dataset/saglik-kurumlari,CC BY 4.0,İzmir Büyükşehir Belediyesi Açık Veri Portalı
hospital:21:İzmir Dr. Suat Seren Göğüs Hast. ve Cerrahisi Eğt. Arş. Hastanesi:38.424617389936:27.164844725318,hospital,Hospital,İzmir Dr. Suat Seren Göğüs Hast. ve Cerrahisi Eğt. Arş. Hastanesi,38.424617389936,27.164844725318,KONAK,YENİŞEHİR,GAZİLER 331,,,,2026-09-20T07:31:15.089Z,COMPLETE_FOR_MAPPABLE_ROWS,api,Hastaneler,https://acikveri.bizizmir.com/dataset/saglik-kurumlari,CC BY 4.0,İzmir Büyükşehir Belediyesi Açık Veri Portalı
hospital:21:İzmir Ege Doğumevi ve Kadın Hst. Eğt. Ve Arş. Hastanesi( Tepecik Kadın Doğum hastanesi):38.42367884895:27.167593308294,hospital,Hospital,İzmir Ege Doğumevi ve Kadın Hst. Eğt. Ve Arş. Hastanesi( Tepecik Kadın Doğum hastanesi),38.42367884895,27.167593308294,KONAK,EMİR SULTAN,GAZİLER 470,,,,2026-09-20T07:31:15.089Z,COMPLETE_FOR_MAPPABLE_ROWS,api,Hastaneler,https://acikveri.bizizmir.com/dataset/saglik-kurumlari,CC BY 4.0,İzmir Büyükşehir Belediyesi Açık Veri Portalı
hospital:20:İzmir Ekonomi Üniversitesi (İeü) Özel Medicalpoint Hastanesi:38.473797754581:27.111659331601,hospital,Hospital,İzmir Ekonomi Üniversitesi (İeü) Özel Medicalpoint Hastanesi,38.473797754581,27.111659331601,KARŞIYAKA,İMBATLI,1825 12,,,,2026-09-20T07:31:15.089Z,COMPLETE_FOR_MAPPABLE_ROWS,api,Hastaneler,https://acikveri.bizizmir.com/dataset/saglik-kurumlari,CC BY 4.0,İzmir Büyükşehir Belediyesi Açık Veri Portalı
hospital:19:İzmir İli Güney Bölgesi Kamu Hastaneleri Birliği Genel Sekreterliği:38.391592541562:27.086496795471,hospital,Hospital,İzmir İli Güney Bölgesi Kamu Hastaneleri Birliği Genel Sekreterliği,38.391592541562,27.086496795471,KARABAĞLAR,POLİGON,123/11 6,,,,2026-09-20T07:31:15.089Z,COMPLETE_FOR_MAPPABLE_ROWS,api,Hastaneler,https://acikveri.bizizmir.com/dataset/saglik-kurumlari,CC BY 4.0,İzmir Büyükşehir Belediyesi Açık Veri Portalı
hospital:16:İzmir Katip Çelebi Üniversitesi Diş Hekimliği Fakültesi Hastanesi:38.490165408792:27.077774560474,hospital,Hospital,İzmir Katip Çelebi Üniversitesi Diş Hekimliği Fakültesi Hastanesi,38.490165408792,27.077774560474,ÇİĞLİ,AYDINLIKEVLER,6780 48,,,,2026-09-20T07:31:15.089Z,COMPLETE_FOR_MAPPABLE_ROWS,api,Hastaneler,https://acikveri.bizizmir.com/dataset/saglik-kurumlari,CC BY 4.0,İzmir Büyükşehir Belediyesi Açık Veri Portalı
hospital:996:İzmir Kınık Devlet Hastanesi:39.089646263797:27.362964969671,hospital,Hospital,İzmir Kınık Devlet Hastanesi,39.089646263797,27.362964969671,KINIK,POYRACIK,SOMA 24,,,,2026-09-20T07:31:15.089Z,COMPLETE_FOR_MAPPABLE_ROWS,api,Hastaneler,https://acikveri.bizizmir.com/dataset/saglik-kurumlari,CC BY 4.0,İzmir Büyükşehir Belediyesi Açık Veri Portalı
hospital:16:İzmir Özel Can Hastanesi:38.483043927071:27.058171019614,hospital,Hospital,İzmir Özel Can Hastanesi,38.483043927071,27.058171019614,ÇİĞLİ,ATAŞEHİR,8019/16 18,,,,2026-09-20T07:31:15.089Z,COMPLETE_FOR_MAPPABLE_ROWS,api,Hastaneler,https://acikveri.bizizmir.com/dataset/saglik-kurumlari,CC BY 4.0,İzmir Büyükşehir Belediyesi Açık Veri Portalı
hospital:11:İzmir Şehir Hastanesi:38.484367304781:27.17765419371,hospital,Hospital,İzmir Şehir Hastanesi,38.484367304781,27.17765419371,BAYRAKLI,R.ŞEVKET İNCE,2148/11 1,,,,2026-09-20T07:31:15.089Z,COMPLETE_FOR_MAPPABLE_ROWS,api,Hastaneler,https://acikveri.bizizmir.com/dataset/saglik-kurumlari,CC BY 4.0,İzmir Büyükşehir Belediyesi Açık Veri Portalı
hospital:21:İzmir Tepecik Eğitim ve Araştırma Hastanesi:38.423012000622:27.166156267109,hospital,Hospital,İzmir Tepecik Eğitim ve Araştırma Hastanesi,38.423012000622,27.166156267109,KONAK,GÜNEY,GAZİLER 468,,,,2026-09-20T07:31:15.089Z,COMPLETE_FOR_MAPPABLE_ROWS,api,Hastaneler,https://acikveri.bizizmir.com/dataset/saglik-kurumlari,CC BY 4.0,İzmir Büyükşehir Belediyesi Açık Veri Portalı
hospital:11:İzmir Tınaztepe Üniversitesi Özel Galen Hastanesi:38.463792377467:27.194492023989,hospital,Hospital,İzmir Tınaztepe Üniversitesi Özel Galen Hastanesi,38.463792377467,27.194492023989,BAYRAKLI,MANAVKUYU,250 23,,,,2026-09-20T07:31:15.089Z,COMPLETE_FOR_MAPPABLE_ROWS,api,Hastaneler,https://acikveri.bizizmir.com/dataset/saglik-kurumlari,CC BY 4.0,İzmir Büyükşehir Belediyesi Açık Veri Portalı
hospital:1000:Karaburun İlçe Devlet Hastanesi:38.635181644953:26.522337716432,hospital,Hospital,Karaburun İlçe Devlet Hastanesi,38.635181644953,26.522337716432,KARABURUN,İSKELE,KEPEZ 26,,,,2026-09-20T07:31:15.089Z,COMPLETE_FOR_MAPPABLE_ROWS,api,Hastaneler,https://acikveri.bizizmir.com/dataset/saglik-kurumlari,CC BY 4.0,İzmir Büyükşehir Belediyesi Açık Veri Portalı
hospital:1000:Karaburun Veteriner Kliniği:38.636007900408:26.51082963107,hospital,Hospital,Karaburun Veteriner Kliniği,38.636007900408,26.51082963107,KARABURUN,MERKEZ,BAŞKOMUTAN ATATÜRK 2/10,,,,2026-09-20T07:31:15.089Z,COMPLETE_FOR_MAPPABLE_ROWS,api,Hastaneler,https://acikveri.bizizmir.com/dataset/saglik-kurumlari,CC BY 4.0,İzmir Büyükşehir Belediyesi Açık Veri Portalı
hospital:6:Kemalpaşa Devlet Hastanesi:38.436253062853:27.409815520271,hospital,Hospital,Kemalpaşa Devlet Hastanesi,38.436253062853,27.409815520271,KEMALPAŞA,SEKİZ EYLÜL,KIROVASI 81/1A,,,,2026-09-20T07:31:15.089Z,COMPLETE_FOR_MAPPABLE_ROWS,api,Hastaneler,https://acikveri.bizizmir.com/dataset/saglik-kurumlari,CC BY 4.0,İzmir Büyükşehir Belediyesi Açık Veri Portalı
hospital:994:Kiraz Devlet Hastanesi:38.230385602768:28.218448175962,hospital,Hospital,Kiraz Devlet Hastanesi,38.230385602768,28.218448175962,KİRAZ,CUMHURİYET,KUBİLAY 9,,,,2026-09-20T07:31:15.089Z,COMPLETE_FOR_MAPPABLE_ROWS,api,Hastaneler,https://acikveri.bizizmir.com/dataset/saglik-kurumlari,CC BY 4.0,İzmir Büyükşehir Belediyesi Açık Veri Portalı
hospital:13:Menderes Devlet Hastanesi:38.238470182981:27.136157570104,hospital,Hospital,Menderes Devlet Hastanesi,38.238470182981,27.136157570104,MENDERES,CÜNEYTBEY,ÇEVRE YOLU 147,,,,2026-09-20T07:31:15.089Z,COMPLETE_FOR_MAPPABLE_ROWS,api,Hastaneler,https://acikveri.bizizmir.com/dataset/saglik-kurumlari,CC BY 4.0,İzmir Büyükşehir Belediyesi Açık Veri Portalı
hospital:17:Menemen Devlet Hastanesi:38.606998067341:27.088009872152,hospital,Hospital,Menemen Devlet Hastanesi,38.606998067341,27.088009872152,MENEMEN,UĞUR MUMCU,1249 13/1,,,,2026-09-20T07:31:15.089Z,COMPLETE_FOR_MAPPABLE_ROWS,api,Hastaneler,https://acikveri.bizizmir.com/dataset/saglik-kurumlari,CC BY 4.0,İzmir Büyükşehir Belediyesi Açık Veri Portalı
hospital:2:Muhittin Erel Amfisi:38.455740938293:27.206593579129,hospital,Hospital,Muhittin Erel Amfisi,38.455740938293,27.206593579129,BORNOVA,KAZIMDİRİK,İZMİR ÇEVRE YOLU 9/60,,,,2026-09-20T07:31:15.089Z,COMPLETE_FOR_MAPPABLE_ROWS,api,Hastaneler,https://acikveri.bizizmir.com/dataset/saglik-kurumlari,CC BY 4.0,İzmir Büyükşehir Belediyesi Açık Veri Portalı
hospital:998:Ödemiş Devlet Hastanesi:38.230523133219:27.988069404774,hospital,Hospital,Ödemiş Devlet Hastanesi,38.230523133219,27.988069404774,ÖDEMİŞ,ZAFER,ORTAÇ 10,,,,2026-09-20T07:31:15.089Z,COMPLETE_FOR_MAPPABLE_ROWS,api,Hastaneler,https://acikveri.bizizmir.com/dataset/saglik-kurumlari,CC BY 4.0,İzmir Büyükşehir Belediyesi Açık Veri Portalı
hospital:16:Özel Acıbadem İzmir Kent Hastanesi:38.489477857163:27.051584819867,hospital,Hospital,Özel Acıbadem İzmir Kent Hastanesi,38.489477857163,27.051584819867,ÇİĞLİ,ATAŞEHİR,8229/1 56,,,,2026-09-20T07:31:15.089Z,COMPLETE_FOR_MAPPABLE_ROWS,api,Hastaneler,https://acikveri.bizizmir.com/dataset/saglik-kurumlari,CC BY 4.0,İzmir Büyükşehir Belediyesi Açık Veri Portalı
hospital:15:Özel Akut Kalp Damar Hastanesi:38.332068946187:27.137476807146,hospital,Hospital,Özel Akut Kalp Damar Hastanesi,38.332068946187,27.137476807146,GAZİEMİR,DOKUZ EYLÜL,343/1 6,,,,2026-09-20T07:31:15.089Z,COMPLETE_FOR_MAPPABLE_ROWS,api,Hastaneler,https://acikveri.bizizmir.com/dataset/saglik-kurumlari,CC BY 4.0,İzmir Büyükşehir Belediyesi Açık Veri Portalı
hospital:2:Özel Ata Sağlık Hastanesi:38.443073838971:27.182730040748,hospital,Hospital,Özel Ata Sağlık Hastanesi,38.443073838971,27.182730040748,BORNOVA,KAZIMDİRİK,297 1,,,,2026-09-20T07:31:15.089Z,COMPLETE_FOR_MAPPABLE_ROWS,api,Hastaneler,https://acikveri.bizizmir.com/dataset/saglik-kurumlari,CC BY 4.0,İzmir Büyükşehir Belediyesi Açık Veri Portalı
hospital:11:Özel Batı Anadolu Hastanesi Central Hospital:38.460861649753:27.166823651668,hospital,Hospital,Özel Batı Anadolu Hastanesi Central Hospital,38.460861649753,27.166823651668,BAYRAKLI,BAYRAKLI,ZEKİ YAVAŞ 2/2,,,,2026-09-20T07:31:15.089Z,COMPLETE_FOR_MAPPABLE_ROWS,api,Hastaneler,https://acikveri.bizizmir.com/dataset/saglik-kurumlari,CC BY 4.0,İzmir Büyükşehir Belediyesi Açık Veri Portalı
hospital:16:Özel Bazekol Çiğli Hastanesi:38.485420813036:27.059598932499,hospital,Hospital,Özel Bazekol Çiğli Hastanesi,38.485420813036,27.059598932499,ÇİĞLİ,ATAŞEHİR,8019/16 4,,20.01.2026 tarih ve 2843839 nolu yazı ile hastane adı değiştirilmiştir.,,2026-09-20T07:31:15.089Z,COMPLETE_FOR_MAPPABLE_ROWS,api,Hastaneler,https://acikveri.bizizmir.com/dataset/saglik-kurumlari,CC BY 4.0,İzmir Büyükşehir Belediyesi Açık Veri Portalı
hospital:21:Özel Çınarlı Hastanesi:38.440596745724:27.172664335685,hospital,Hospital,Özel Çınarlı Hastanesi,38.440596745724,27.172664335685,KONAK,ÇINARLI,ANADOLU 14,,,,2026-09-20T07:31:15.089Z,COMPLETE_FOR_MAPPABLE_ROWS,api,Hastaneler,https://acikveri.bizizmir.com/dataset/saglik-kurumlari,CC BY 4.0,İzmir Büyükşehir Belediyesi Açık Veri Portalı
hospital:21:Özel Dünyagöz Hastanesi İzmir:38.433358953879:27.148732679045,hospital,Hospital,Özel Dünyagöz Hastanesi İzmir,38.433358953879,27.148732679045,KONAK,MİMAR SİNAN,ALİ ÇETİNKAYA 79,,,,2026-09-20T07:31:15.089Z,COMPLETE_FOR_MAPPABLE_ROWS,api,Hastaneler,https://acikveri.bizizmir.com/dataset/saglik-kurumlari,CC BY 4.0,İzmir Büyükşehir Belediyesi Açık Veri Portalı
hospital:19:Özel Ege Yaşam Hastanesi:38.38302304307:27.112540569043,hospital,Hospital,Özel Ege Yaşam Hastanesi,38.38302304307,27.112540569043,KARABAĞLAR,ALİ FUAT CEBESOY,9135/4 4,,,,2026-09-20T07:31:15.089Z,COMPLETE_FOR_MAPPABLE_ROWS,api,Hastaneler,https://acikveri.bizizmir.com/dataset/saglik-kurumlari,CC BY 4.0,İzmir Büyükşehir Belediyesi Açık Veri Portalı
hospital:21:Özel Egepol Cerrahi Hastanesi:38.400213081847:27.128058711725,hospital,Hospital,Özel Egepol Cerrahi Hastanesi,38.400213081847,27.128058711725,KONAK,GÜNEŞLİ,HALİDE EDİP ADIVAR 3A,,,,2026-09-20T07:31:15.089Z,COMPLETE_FOR_MAPPABLE_ROWS,api,Hastaneler,https://acikveri.bizizmir.com/dataset/saglik-kurumlari,CC BY 4.0,İzmir Büyükşehir Belediyesi Açık Veri Portalı
hospital:21:Özel Egepol Hastanesi:38.401824320219:27.126867451423,hospital,Hospital,Özel Egepol Hastanesi,38.401824320219,27.126867451423,KONAK,GÜNEŞLİ,527 2,,,,2026-09-20T07:31:15.089Z,COMPLETE_FOR_MAPPABLE_ROWS,api,Hastaneler,https://acikveri.bizizmir.com/dataset/saglik-kurumlari,CC BY 4.0,İzmir Büyükşehir Belediyesi Açık Veri Portalı
hospital:21:Özel Egepol Internatıonal Hastanesi:38.400554611841:27.127502554787,hospital,Hospital,Özel Egepol Internatıonal Hastanesi,38.400554611841,27.127502554787,KONAK,GÜNEŞLİ,HALİDE EDİP ADIVAR 57,,,,2026-09-20T07:31:15.089Z,COMPLETE_FOR_MAPPABLE_ROWS,api,Hastaneler,https://acikveri.bizizmir.com/dataset/saglik-kurumlari,CC BY 4.0,İzmir Büyükşehir Belediyesi Açık Veri Portalı
hospital:21:Özel Emot El ve Mikrocerrahi Hastanesi:38.425953578164:27.151041446066,hospital,Hospital,Özel Emot El ve Mikrocerrahi Hastanesi,38.425953578164,27.151041446066,KONAK,KAHRAMANLAR,1418 16,,,,2026-09-20T07:31:15.089Z,COMPLETE_FOR_MAPPABLE_ROWS,api,Hastaneler,https://acikveri.bizizmir.com/dataset/saglik-kurumlari,CC BY 4.0,İzmir Büyükşehir Belediyesi Açık Veri Portalı
hospital:21:Özel Emot Plus Hastanesi:38.425711895738:27.150869327009,hospital,Hospital,Özel Emot Plus Hastanesi,38.425711895738,27.150869327009,KONAK,KAHRAMANLAR,1418 18-28,,,,2026-09-20T07:31:15.089Z,COMPLETE_FOR_MAPPABLE_ROWS,api,Hastaneler,https://acikveri.bizizmir.com/dataset/saglik-kurumlari,CC BY 4.0,İzmir Büyükşehir Belediyesi Açık Veri Portalı
hospital:21:Özel Gazi Hastanesi:38.429519072862:27.151967373755,hospital,Hospital,Özel Gazi Hastanesi,38.429519072862,27.151967373755,KONAK,KAHRAMANLAR,NEVZAT GÜZELIRMAK 29,,,,2026-09-20T07:31:15.089Z,COMPLETE_FOR_MAPPABLE_ROWS,api,Hastaneler,https://acikveri.bizizmir.com/dataset/saglik-kurumlari,CC BY 4.0,İzmir Büyükşehir Belediyesi Açık Veri Portalı
hospital:21:Özel Gözde Hastanesi:38.424651950885:27.168115242358,hospital,Hospital,Özel Gözde Hastanesi,38.424651950885,27.168115242358,KONAK,YENİŞEHİR,GAZİLER 353/4,,,,2026-09-20T07:31:15.089Z,COMPLETE_FOR_MAPPABLE_ROWS,api,Hastaneler,https://acikveri.bizizmir.com/dataset/saglik-kurumlari,CC BY 4.0,İzmir Büyükşehir Belediyesi Açık Veri Portalı
hospital:21:Özel Karataş Hastanesi:38.41152864577:27.122960672778,hospital,Hospital,Özel Karataş Hastanesi,38.41152864577,27.122960672778,KONAK,BARBAROS,AV. SELİM HAKMEN 26,,,,2026-09-20T07:31:15.089Z,COMPLETE_FOR_MAPPABLE_ROWS,api,Hastaneler,https://acikveri.bizizmir.com/dataset/saglik-kurumlari,CC BY 4.0,İzmir Büyükşehir Belediyesi Açık Veri Portalı
hospital:20:Özel Karşıyaka Göz Hastanesi:38.472405154569:27.084585253439,hospital,Hospital,Özel Karşıyaka Göz Hastanesi,38.472405154569,27.084585253439,KARŞIYAKA,YALI,CAHER DUDAYEV 71,,,,2026-09-20T07:31:15.089Z,COMPLETE_FOR_MAPPABLE_ROWS,api,Hastaneler,https://acikveri.bizizmir.com/dataset/saglik-kurumlari,CC BY 4.0,İzmir Büyükşehir Belediyesi Açık Veri Portalı
hospital:21:Özel Kaşkaloğlu Göz Hastanesi:38.432078264737:27.147325428166,hospital,Hospital,Özel Kaşkaloğlu Göz Hastanesi,38.432078264737,27.147325428166,KONAK,MİMAR SİNAN,1400 10,,,,2026-09-20T07:31:15.089Z,COMPLETE_FOR_MAPPABLE_ROWS,api,Hastaneler,https://acikveri.bizizmir.com/dataset/saglik-kurumlari,CC BY 4.0,İzmir Büyükşehir Belediyesi Açık Veri Portalı
hospital:21:Özel Medıcana Internatıonal İzmir Hastanesi:38.429632710956:27.15717558868,hospital,Hospital,Özel Medıcana Internatıonal İzmir Hastanesi,38.429632710956,27.15717558868,KONAK,YENİŞEHİR,İŞÇİLER 126,,,,2026-09-20T07:31:15.089Z,COMPLETE_FOR_MAPPABLE_ROWS,api,Hastaneler,https://acikveri.bizizmir.com/dataset/saglik-kurumlari,CC BY 4.0,İzmir Büyükşehir Belediyesi Açık Veri Portalı
hospital:9:Özel Medifema Hastanesi:38.241052249083:27.275669466591,hospital,Hospital,Özel Medifema Hastanesi,38.241052249083,27.275669466591,TORBALI,AYRANCILAR,İZMİR AYDIN 124,,,,2026-09-20T07:31:15.089Z,COMPLETE_FOR_MAPPABLE_ROWS,api,Hastaneler,https://acikveri.bizizmir.com/dataset/saglik-kurumlari,CC BY 4.0,İzmir Büyükşehir Belediyesi Açık Veri Portalı
hospital:21:Özel Sağlık Hastanesi:38.432523299005:27.149185603756,hospital,Hospital,Özel Sağlık Hastanesi,38.432523299005,27.149185603756,KONAK,MİMAR SİNAN,IŞILAY SAYGIN 25,,,,2026-09-20T07:31:15.089Z,COMPLETE_FOR_MAPPABLE_ROWS,api,Hastaneler,https://acikveri.bizizmir.com/dataset/saglik-kurumlari,CC BY 4.0,İzmir Büyükşehir Belediyesi Açık Veri Portalı
hospital:21:Özel Su Hospital Hastanesi:38.425130404973:27.149598480794,hospital,Hospital,Özel Su Hospital Hastanesi,38.425130404973,27.149598480794,KONAK,KAHRAMANLAR,1397 1,,,,2026-09-20T07:31:15.089Z,COMPLETE_FOR_MAPPABLE_ROWS,api,Hastaneler,https://acikveri.bizizmir.com/dataset/saglik-kurumlari,CC BY 4.0,İzmir Büyükşehir Belediyesi Açık Veri Portalı
hospital:8:Özel Tınaztepe Hastanesi:38.370227516108:27.193620380287,hospital,Hospital,Özel Tınaztepe Hastanesi,38.370227516108,27.193620380287,BUCA,KURUÇEŞME,AHMET PİRİŞTİNA 51,,,,2026-09-20T07:31:15.089Z,COMPLETE_FOR_MAPPABLE_ROWS,api,Hastaneler,https://acikveri.bizizmir.com/dataset/saglik-kurumlari,CC BY 4.0,İzmir Büyükşehir Belediyesi Açık Veri Portalı
hospital:9:Özel Tınaztepe Torbalı Hastanesi:38.142649343078:27.366587865582,hospital,Hospital,Özel Tınaztepe Torbalı Hastanesi,38.142649343078,27.366587865582,TORBALI,TEPEKÖY,AYDIN 336 - 336A,,,,2026-09-20T07:31:15.089Z,COMPLETE_FOR_MAPPABLE_ROWS,api,Hastaneler,https://acikveri.bizizmir.com/dataset/saglik-kurumlari,CC BY 4.0,İzmir Büyükşehir Belediyesi Açık Veri Portalı
hospital:2:Sağlık Bilimleri Üniversitesi Tepecik Eğitim Araştırma Hastanesi Bornova Ek Binası:38.4545959724:27.205048116699,hospital,Hospital,Sağlık Bilimleri Üniversitesi Tepecik Eğitim Araştırma Hastanesi Bornova Ek Binası,38.4545959724,27.205048116699,BORNOVA,KAZIMDİRİK,SANAYİ 7-9,,,,2026-09-20T07:31:15.089Z,COMPLETE_FOR_MAPPABLE_ROWS,api,Hastaneler,https://acikveri.bizizmir.com/dataset/saglik-kurumlari,CC BY 4.0,İzmir Büyükşehir Belediyesi Açık Veri Portalı
hospital:12:Seferihisar Necat Hepkon Devlet Hastanesi:38.197890478186:26.845543951116,hospital,Hospital,Seferihisar Necat Hepkon Devlet Hastanesi,38.197890478186,26.845543951116,SEFERİHİSAR,TURABİYE,BEYLER 3,,,,2026-09-20T07:31:15.089Z,COMPLETE_FOR_MAPPABLE_ROWS,api,Hastaneler,https://acikveri.bizizmir.com/dataset/saglik-kurumlari,CC BY 4.0,İzmir Büyükşehir Belediyesi Açık Veri Portalı
hospital:10:Selçuk Devlet Hastanesi:37.947826715572:27.367257451743,hospital,Hospital,Selçuk Devlet Hastanesi,37.947826715572,27.367257451743,SELÇUK,ATATÜRK,SABRİ YAYLA 1,,,,2026-09-20T07:31:15.089Z,COMPLETE_FOR_MAPPABLE_ROWS,api,Hastaneler,https://acikveri.bizizmir.com/dataset/saglik-kurumlari,CC BY 4.0,İzmir Büyükşehir Belediyesi Açık Veri Portalı
hospital:21:Tepecik Eğitim ve Araştırma Hastanesi İdari ve Mali İşler Ek Binası:38.425068814261:27.168066161954,hospital,Hospital,Tepecik Eğitim ve Araştırma Hastanesi İdari ve Mali İşler Ek Binası,38.425068814261,27.168066161954,KONAK,YENİŞEHİR,1145/8 20,,,,2026-09-20T07:31:15.089Z,COMPLETE_FOR_MAPPABLE_ROWS,api,Hastaneler,https://acikveri.bizizmir.com/dataset/saglik-kurumlari,CC BY 4.0,İzmir Büyükşehir Belediyesi Açık Veri Portalı
hospital:997:Tire Devlet Hastanesi:38.100611000056:27.721758184461,hospital,Hospital,Tire Devlet Hastanesi,38.100611000056,27.721758184461,TİRE,ATATÜRK,İNÖNÜ 1,,,,2026-09-20T07:31:15.089Z,COMPLETE_FOR_MAPPABLE_ROWS,api,Hastaneler,https://acikveri.bizizmir.com/dataset/saglik-kurumlari,CC BY 4.0,İzmir Büyükşehir Belediyesi Açık Veri Portalı
hospital:9:Torbalı Devlet Hastanesi:38.175629991691:27.358065018946,hospital,Hospital,Torbalı Devlet Hastanesi,38.175629991691,27.358065018946,TORBALI,YEDİ EYLÜL,EKOTEN 2,,,,2026-09-20T07:31:15.089Z,COMPLETE_FOR_MAPPABLE_ROWS,api,Hastaneler,https://acikveri.bizizmir.com/dataset/saglik-kurumlari,CC BY 4.0,İzmir Büyükşehir Belediyesi Açık Veri Portalı
hospital:2:Tülay Aktaş Onkoloji ve Kemik İliği Transplantasyon Hastanesi:38.45360640763:27.208399208632,hospital,Hospital,Tülay Aktaş Onkoloji ve Kemik İliği Transplantasyon Hastanesi,38.45360640763,27.208399208632,BORNOVA,KAZIMDİRİK,İZMİR AYDIN OTOYOLU 9/70,,DAHİLİ: 4606,,2026-09-20T07:31:15.089Z,COMPLETE_FOR_MAPPABLE_ROWS,api,Hastaneler,https://acikveri.bizizmir.com/dataset/saglik-kurumlari,CC BY 4.0,İzmir Büyükşehir Belediyesi Açık Veri Portalı
hospital:18:Urla Devlet Hastanesi:38.33018874615:26.74595154248,hospital,Hospital,Urla Devlet Hastanesi,38.33018874615,26.74595154248,URLA,TORASAN,ÖZBEKYOLU 15,,,,2026-09-20T07:31:15.089Z,COMPLETE_FOR_MAPPABLE_ROWS,api,Hastaneler,https://acikveri.bizizmir.com/dataset/saglik-kurumlari,CC BY 4.0,İzmir Büyükşehir Belediyesi Açık Veri Portalı